{
  "120363315282193217@g.us": {
    "jid": "120363315282193217@g.us",
    "name": "",
    "welcome": true,
    "bye": true,
    "antilink": true,
    "antispam": false,
    "antisticker": true,
    "antidelete": false,
    "antibadword": false,
    "mute": false,
    "banned": false,
    "created": 1754441485143,
    "welcomeText": "🎉 *ꜱᴇʟᴀᴍᴀᴛ ᴅᴀᴛᴀɴɢ!* \n\n👋 ʜᴀɪ @user! \n✨ ꜱᴇʟᴀᴍᴀᴛ ᴅᴀᴛᴀɴɢ ᴅɪ @group\n\n📝 *ᴘᴇʀᴀᴛᴜʀᴀɴ ɢʀᴜᴘ:*\n• ʙᴇʀꜱɪᴋᴀᴘ ꜱᴏᴘᴀɴ ᴅᴀɴ ʀᴇꜱᴘᴇᴋ\n• ᴊᴀɴɢᴀɴ ꜱᴘᴀᴍ ᴀᴛᴀᴜ ꜰʟᴏᴏᴅ\n• ɢᴜɴᴀᴋᴀɴ ʙᴀʜᴀꜱᴀ ʏᴀɴɢ ꜱᴏᴘᴀɴ\n• ᴊᴀɴɢᴀɴ ꜱʜᴀʀᴇ ᴋᴏɴᴛᴇɴ ɴꜱꜰᴡ\n\n💡 ᴋᴇᴛɪᴋ *.menu* ᴜɴᴛᴜᴋ ᴍᴇɴᴀᴍᴘɪʟᴋᴀɴ ᴅᴀꜰᴛᴀʀ ᴄᴏᴍᴍᴀɴᴅ\n\nꜱᴇʟᴀᴍᴀᴛ ʙᴇʀɢᴀʙᴜɴɢ! 🎊",
    "byeText": "👋 *ꜱᴇʟᴀᴍᴀᴛ ᴛɪɴɢɢᴀʟ!*\n\n😢 @user ᴛᴇʟᴀʜ ᴍᴇɴɪɴɢɢᴀʟᴋᴀɴ @group\n\n🌟 ᴛᴇʀɪᴍᴀ ᴋᴀꜱɪʜ ᴛᴇʟᴀʜ ᴍᴇɴᴊᴀᴅɪ ʙᴀɢɪᴀɴ ᴅᴀʀɪ ᴋᴏᴍᴜɴɪᴛᴀꜱ ɪɴɪ\n\n✨ ꜱᴇᴍᴏɢᴀ ꜱᴜᴋꜱᴇꜱ ꜱᴇʟᴀʟᴜ ᴅɪ ᴍᴀɴᴀ ᴘᴜɴ ᴋᴀᴍᴜ ʙᴇʀᴀᴅᴀ! 🚀\n\nᴊᴀɴɢᴀɴ ʟᴜᴘᴀ ᴋᴀᴍɪ! 💙",
    "whitelist": []
  },
  "120363402882215404@g.us": {
    "jid": "120363402882215404@g.us",
    "name": "",
    "welcome": true,
    "bye": true,
    "antilink": false,
    "antispam": false,
    "antisticker": false,
    "antidelete": false,
    "antibadword": false,
    "mute": false,
    "banned": false,
    "created": 1754441509144,
    "welcomeText": "🎉 *ꜱᴇʟᴀᴍᴀᴛ ᴅᴀᴛᴀɴɢ!* \n\n👋 ʜᴀɪ @user! \n✨ ꜱᴇʟᴀᴍᴀᴛ ᴅᴀᴛᴀɴɢ ᴅɪ @group\n\n📝 *ᴘᴇʀᴀᴛᴜʀᴀɴ ɢʀᴜᴘ:*\n• ʙᴇʀꜱɪᴋᴀᴘ ꜱᴏᴘᴀɴ ᴅᴀɴ ʀᴇꜱᴘᴇᴋ\n• ᴊᴀɴɢᴀɴ ꜱᴘᴀᴍ ᴀᴛᴀᴜ ꜰʟᴏᴏᴅ\n• ɢᴜɴᴀᴋᴀɴ ʙᴀʜᴀꜱᴀ ʏᴀɴɢ ꜱᴏᴘᴀɴ\n• ᴊᴀɴɢᴀɴ ꜱʜᴀʀᴇ ᴋᴏɴᴛᴇɴ ɴꜱꜰᴡ\n\n💡 ᴋᴇᴛɪᴋ *.menu* ᴜɴᴛᴜᴋ ᴍᴇɴᴀᴍᴘɪʟᴋᴀɴ ᴅᴀꜰᴛᴀʀ ᴄᴏᴍᴍᴀɴᴅ\n\nꜱᴇʟᴀᴍᴀᴛ ʙᴇʀɢᴀʙᴜɴɢ! 🎊",
    "byeText": "👋 *ꜱᴇʟᴀᴍᴀᴛ ᴛɪɴɢɢᴀʟ!*\n\n😢 @user ᴛᴇʟᴀʜ ᴍᴇɴɪɴɢɢᴀʟᴋᴀɴ @group\n\n🌟 ᴛᴇʀɪᴍᴀ ᴋᴀꜱɪʜ ᴛᴇʟᴀʜ ᴍᴇɴᴊᴀᴅɪ ʙᴀɢɪᴀɴ ᴅᴀʀɪ ᴋᴏᴍᴜɴɪᴛᴀꜱ ɪɴɪ\n\n✨ ꜱᴇᴍᴏɢᴀ ꜱᴜᴋꜱᴇꜱ ꜱᴇʟᴀʟᴜ ᴅɪ ᴍᴀɴᴀ ᴘᴜɴ ᴋᴀᴍᴜ ʙᴇʀᴀᴅᴀ! 🚀\n\nᴊᴀɴɢᴀɴ ʟᴜᴘᴀ ᴋᴀᴍɪ! 💙",
    "whitelist": []
  },
  "120363419959282574@g.us": {
    "jid": "120363419959282574@g.us",
    "name": "",
    "welcome": true,
    "bye": true,
    "antilink": false,
    "antispam": false,
    "antisticker": false,
    "antidelete": false,
    "antibadword": false,
    "mute": false,
    "banned": false,
    "created": 1754441558188,
    "welcomeText": "🎉 *ꜱᴇʟᴀᴍᴀᴛ ᴅᴀᴛᴀɴɢ!* \n\n👋 ʜᴀɪ @user! \n✨ ꜱᴇʟᴀᴍᴀᴛ ᴅᴀᴛᴀɴɢ ᴅɪ @group\n\n📝 *ᴘᴇʀᴀᴛᴜʀᴀɴ ɢʀᴜᴘ:*\n• ʙᴇʀꜱɪᴋᴀᴘ ꜱᴏᴘᴀɴ ᴅᴀɴ ʀᴇꜱᴘᴇᴋ\n• ᴊᴀɴɢᴀɴ ꜱᴘᴀᴍ ᴀᴛᴀᴜ ꜰʟᴏᴏᴅ\n• ɢᴜɴᴀᴋᴀɴ ʙᴀʜᴀꜱᴀ ʏᴀɴɢ ꜱᴏᴘᴀɴ\n• ᴊᴀɴɢᴀɴ ꜱʜᴀʀᴇ ᴋᴏɴᴛᴇɴ ɴꜱꜰᴡ\n\n💡 ᴋᴇᴛɪᴋ *.menu* ᴜɴᴛᴜᴋ ᴍᴇɴᴀᴍᴘɪʟᴋᴀɴ ᴅᴀꜰᴛᴀʀ ᴄᴏᴍᴍᴀɴᴅ\n\nꜱᴇʟᴀᴍᴀᴛ ʙᴇʀɢᴀʙᴜɴɢ! 🎊",
    "byeText": "👋 *ꜱᴇʟᴀᴍᴀᴛ ᴛɪɴɢɢᴀʟ!*\n\n😢 @user ᴛᴇʟᴀʜ ᴍᴇɴɪɴɢɢᴀʟᴋᴀɴ @group\n\n🌟 ᴛᴇʀɪᴍᴀ ᴋᴀꜱɪʜ ᴛᴇʟᴀʜ ᴍᴇɴᴊᴀᴅɪ ʙᴀɢɪᴀɴ ᴅᴀʀɪ ᴋᴏᴍᴜɴɪᴛᴀꜱ ɪɴɪ\n\n✨ ꜱᴇᴍᴏɢᴀ ꜱᴜᴋꜱᴇꜱ ꜱᴇʟᴀʟᴜ ᴅɪ ᴍᴀɴᴀ ᴘᴜɴ ᴋᴀᴍᴜ ʙᴇʀᴀᴅᴀ! 🚀\n\nᴊᴀɴɢᴀɴ ʟᴜᴘᴀ ᴋᴀᴍɪ! 💙",
    "whitelist": []
  },
  "120363418860485242@g.us": {
    "jid": "120363418860485242@g.us",
    "name": "",
    "welcome": true,
    "bye": true,
    "antilink": false,
    "antispam": false,
    "antisticker": false,
    "antidelete": false,
    "antibadword": false,
    "mute": false,
    "banned": false,
    "created": 1754441599792,
    "welcomeText": "🎉 *ꜱᴇʟᴀᴍᴀᴛ ᴅᴀᴛᴀɴɢ!* \n\n👋 ʜᴀɪ @user! \n✨ ꜱᴇʟᴀᴍᴀᴛ ᴅᴀᴛᴀɴɢ ᴅɪ @group\n\n📝 *ᴘᴇʀᴀᴛᴜʀᴀɴ ɢʀᴜᴘ:*\n• ʙᴇʀꜱɪᴋᴀᴘ ꜱᴏᴘᴀɴ ᴅᴀɴ ʀᴇꜱᴘᴇᴋ\n• ᴊᴀɴɢᴀɴ ꜱᴘᴀᴍ ᴀᴛᴀᴜ ꜰʟᴏᴏᴅ\n• ɢᴜɴᴀᴋᴀɴ ʙᴀʜᴀꜱᴀ ʏᴀɴɢ ꜱᴏᴘᴀɴ\n• ᴊᴀɴɢᴀɴ ꜱʜᴀʀᴇ ᴋᴏɴᴛᴇɴ ɴꜱꜰᴡ\n\n💡 ᴋᴇᴛɪᴋ *.menu* ᴜɴᴛᴜᴋ ᴍᴇɴᴀᴍᴘɪʟᴋᴀɴ ᴅᴀꜰᴛᴀʀ ᴄᴏᴍᴍᴀɴᴅ\n\nꜱᴇʟᴀᴍᴀᴛ ʙᴇʀɢᴀʙᴜɴɢ! 🎊",
    "byeText": "👋 *ꜱᴇʟᴀᴍᴀᴛ ᴛɪɴɢɢᴀʟ!*\n\n😢 @user ᴛᴇʟᴀʜ ᴍᴇɴɪɴɢɢᴀʟᴋᴀɴ @group\n\n🌟 ᴛᴇʀɪᴍᴀ ᴋᴀꜱɪʜ ᴛᴇʟᴀʜ ᴍᴇɴᴊᴀᴅɪ ʙᴀɢɪᴀɴ ᴅᴀʀɪ ᴋᴏᴍᴜɴɪᴛᴀꜱ ɪɴɪ\n\n✨ ꜱᴇᴍᴏɢᴀ ꜱᴜᴋꜱᴇꜱ ꜱᴇʟᴀʟᴜ ᴅɪ ᴍᴀɴᴀ ᴘᴜɴ ᴋᴀᴍᴜ ʙᴇʀᴀᴅᴀ! 🚀\n\nᴊᴀɴɢᴀɴ ʟᴜᴘᴀ ᴋᴀᴍɪ! 💙",
    "whitelist": []
  },
  "120363401904456069@g.us": {
    "jid": "120363401904456069@g.us",
    "name": "",
    "welcome": true,
    "bye": true,
    "antilink": false,
    "antispam": false,
    "antisticker": false,
    "antidelete": false,
    "antibadword": false,
    "mute": false,
    "banned": false,
    "created": 1754441677403,
    "welcomeText": "🎉 *ꜱᴇʟᴀᴍᴀᴛ ᴅᴀᴛᴀɴɢ!* \n\n👋 ʜᴀɪ @user! \n✨ ꜱᴇʟᴀᴍᴀᴛ ᴅᴀᴛᴀɴɢ ᴅɪ @group\n\n📝 *ᴘᴇʀᴀᴛᴜʀᴀɴ ɢʀᴜᴘ:*\n• ʙᴇʀꜱɪᴋᴀᴘ ꜱᴏᴘᴀɴ ᴅᴀɴ ʀᴇꜱᴘᴇᴋ\n• ᴊᴀɴɢᴀɴ ꜱᴘᴀᴍ ᴀᴛᴀᴜ ꜰʟᴏᴏᴅ\n• ɢᴜɴᴀᴋᴀɴ ʙᴀʜᴀꜱᴀ ʏᴀɴɢ ꜱᴏᴘᴀɴ\n• ᴊᴀɴɢᴀɴ ꜱʜᴀʀᴇ ᴋᴏɴᴛᴇɴ ɴꜱꜰᴡ\n\n💡 ᴋᴇᴛɪᴋ *.menu* ᴜɴᴛᴜᴋ ᴍᴇɴᴀᴍᴘɪʟᴋᴀɴ ᴅᴀꜰᴛᴀʀ ᴄᴏᴍᴍᴀɴᴅ\n\nꜱᴇʟᴀᴍᴀᴛ ʙᴇʀɢᴀʙᴜɴɢ! 🎊",
    "byeText": "👋 *ꜱᴇʟᴀᴍᴀᴛ ᴛɪɴɢɢᴀʟ!*\n\n😢 @user ᴛᴇʟᴀʜ ᴍᴇɴɪɴɢɢᴀʟᴋᴀɴ @group\n\n🌟 ᴛᴇʀɪᴍᴀ ᴋᴀꜱɪʜ ᴛᴇʟᴀʜ ᴍᴇɴᴊᴀᴅɪ ʙᴀɢɪᴀɴ ᴅᴀʀɪ ᴋᴏᴍᴜɴɪᴛᴀꜱ ɪɴɪ\n\n✨ ꜱᴇᴍᴏɢᴀ ꜱᴜᴋꜱᴇꜱ ꜱᴇʟᴀʟᴜ ᴅɪ ᴍᴀɴᴀ ᴘᴜɴ ᴋᴀᴍᴜ ʙᴇʀᴀᴅᴀ! 🚀\n\nᴊᴀɴɢᴀɴ ʟᴜᴘᴀ ᴋᴀᴍɪ! 💙",
    "whitelist": []
  },
  "120363392072393025@g.us": {
    "jid": "120363392072393025@g.us",
    "name": "",
    "welcome": true,
    "bye": true,
    "antilink": false,
    "antispam": false,
    "antisticker": false,
    "antidelete": false,
    "antibadword": false,
    "mute": false,
    "banned": false,
    "created": 1754441917557,
    "welcomeText": "🎉 *ꜱᴇʟᴀᴍᴀᴛ ᴅᴀᴛᴀɴɢ!* \n\n👋 ʜᴀɪ @user! \n✨ ꜱᴇʟᴀᴍᴀᴛ ᴅᴀᴛᴀɴɢ ᴅɪ @group\n\n📝 *ᴘᴇʀᴀᴛᴜʀᴀɴ ɢʀᴜᴘ:*\n• ʙᴇʀꜱɪᴋᴀᴘ ꜱᴏᴘᴀɴ ᴅᴀɴ ʀᴇꜱᴘᴇᴋ\n• ᴊᴀɴɢᴀɴ ꜱᴘᴀᴍ ᴀᴛᴀᴜ ꜰʟᴏᴏᴅ\n• ɢᴜɴᴀᴋᴀɴ ʙᴀʜᴀꜱᴀ ʏᴀɴɢ ꜱᴏᴘᴀɴ\n• ᴊᴀɴɢᴀɴ ꜱʜᴀʀᴇ ᴋᴏɴᴛᴇɴ ɴꜱꜰᴡ\n\n💡 ᴋᴇᴛɪᴋ *.menu* ᴜɴᴛᴜᴋ ᴍᴇɴᴀᴍᴘɪʟᴋᴀɴ ᴅᴀꜰᴛᴀʀ ᴄᴏᴍᴍᴀɴᴅ\n\nꜱᴇʟᴀᴍᴀᴛ ʙᴇʀɢᴀʙᴜɴɢ! 🎊",
    "byeText": "👋 *ꜱᴇʟᴀᴍᴀᴛ ᴛɪɴɢɢᴀʟ!*\n\n😢 @user ᴛᴇʟᴀʜ ᴍᴇɴɪɴɢɢᴀʟᴋᴀɴ @group\n\n🌟 ᴛᴇʀɪᴍᴀ ᴋᴀꜱɪʜ ᴛᴇʟᴀʜ ᴍᴇɴᴊᴀᴅɪ ʙᴀɢɪᴀɴ ᴅᴀʀɪ ᴋᴏᴍᴜɴɪᴛᴀꜱ ɪɴɪ\n\n✨ ꜱᴇᴍᴏɢᴀ ꜱᴜᴋꜱᴇꜱ ꜱᴇʟᴀʟᴜ ᴅɪ ᴍᴀɴᴀ ᴘᴜɴ ᴋᴀᴍᴜ ʙᴇʀᴀᴅᴀ! 🚀\n\nᴊᴀɴɢᴀɴ ʟᴜᴘᴀ ᴋᴀᴍɪ! 💙",
    "whitelist": []
  },
  "120363402056967200@g.us": {
    "jid": "120363402056967200@g.us",
    "name": "",
    "welcome": true,
    "bye": true,
    "antilink": false,
    "antispam": false,
    "antisticker": false,
    "antidelete": false,
    "antibadword": false,
    "mute": false,
    "banned": false,
    "created": 1754451343187,
    "welcomeText": "🍓 *ꜱᴇʟᴀᴍᴀᴛ ᴅᴀᴛᴀɴɢ!* \n\n┏━━━━━━━━━━━━━━━┓\n  ʜᴀɪ @user! 👋✨  \n ꜱᴇʟᴀᴍᴀᴛ ᴅᴀᴛᴀɴɢ ᴅɪ @group\n┗━━━━━━━━━━━━━━━┛\n\n🌸  *ＰＥＲＡＴＵＲＡＮ ＧＲＵＰ:*  🌸\n╭───────────────────╮\n│• ʙᴇʀꜱɪᴋᴀᴘ ꜱᴏᴘᴀɴ ᴅᴀɴ ʀᴇꜱᴘᴇᴋ \n│• ᴊᴀɴɢᴀɴ ꜱᴘᴀᴍ ᴀᴛᴀᴜ ꜰʟᴏᴏᴅ 🚫\n│• ɢᴜɴᴀᴋᴀɴ ʙᴀʜᴀꜱᴀ ʏᴀɴɢ ꜱᴏᴘᴀɴ \n│• ᴊᴀɴɢᴀɴ ꜱʜᴀʀᴇ ᴋᴏɴᴛᴇɴ ɴꜱꜰᴡ ❌\n╰───────────────────╯\n\n💡ᴋᴇᴛɪᴋ *.menu* ᴜɴᴛᴜᴋ ᴍᴇɴᴀᴍᴘɪʟᴋᴀɴ ᴅᴀꜰᴛᴀʀ ᴄᴏᴍᴍᴀɴᴅ\n\n🌷 ꜱᴇʟᴀᴍᴀᴛ ʙᴇʀɢᴀʙᴜɴɢ & ꜱᴇᴍᴏɢᴀ ʙᴇᴛᴀʜ!",
    "byeText": "🍥 *ꜱᴇʟᴀᴍᴀᴛ ᴛɪɴɢɢᴀʟ!*\n\n🦋 @user ᴛᴇʟᴀʜ ᴍᴇɴɪɴɢɢᴀʟᴋᴀɴ @group\n\n👐 ᴛᴇʀɪᴍᴀ ᴋᴀꜱɪʜ ᴛᴇʟᴀʜ ᴍᴇɴᴊᴀᴅɪ ʙᴀɢɪᴀɴ ᴅᴀʀɪ ᴋᴏᴍᴜɴɪᴛᴀꜱ ɪɴɪ\n\n✨ ꜱᴇᴍᴏɢᴀ ꜱᴜᴋꜱᴇꜱ ꜱᴇʟᴀʟᴜ ᴅɪ ᴍᴀɴᴀ ᴘᴜɴ ᴋᴀᴍᴜ ʙᴇʀᴀᴅᴀ! \n\nᴊᴀɴɢᴀɴ ʟᴜᴘᴀ ᴋᴀᴍɪ ʟᴀʏʟᴀᴀ!",
    "whitelist": []
  }
}