{
  "30928546082856": {
    "jid": "30928546082856@lid",
    "userId": "30928546082856",
    "name": "",
    "level": 1,
    "exp": 10,
    "limit": 50,
    "premium": false,
    "premiumSince": null,
    "premiumExpiry": null,
    "banned": false,
    "warning": 0,
    "lastSeen": 1754454143508,
    "registered": false,
    "regTime": 0,
    "jidHistory": [
      "30928546082856@lid"
    ],
    "currentJid": "30928546082856@lid"
  },
  "34738232361167": {
    "jid": "34738232361167@lid",
    "userId": "34738232361167",
    "name": "",
    "level": 1,
    "exp": 0,
    "limit": 50,
    "premium": false,
    "premiumSince": null,
    "premiumExpiry": null,
    "banned": false,
    "warning": 0,
    "lastSeen": 1754441493209,
    "registered": false,
    "regTime": 0,
    "jidHistory": [
      "34738232361167@lid"
    ],
    "currentJid": "34738232361167@lid"
  },
  "167349726486594": {
    "jid": "167349726486594@lid",
    "userId": "167349726486594",
    "name": "",
    "level": 1,
    "exp": 0,
    "limit": 50,
    "premium": false,
    "premiumSince": null,
    "premiumExpiry": null,
    "banned": false,
    "warning": 0,
    "lastSeen": 1754442101768,
    "registered": false,
    "regTime": 0,
    "jidHistory": [
      "167349726486594@lid"
    ],
    "currentJid": "167349726486594@lid"
  },
  "82146232377535": {
    "jid": "82146232377535@lid",
    "userId": "82146232377535",
    "name": "",
    "level": 1,
    "exp": 0,
    "limit": 50,
    "premium": false,
    "premiumSince": null,
    "premiumExpiry": null,
    "banned": false,
    "warning": 0,
    "lastSeen": 1754441509470,
    "registered": false,
    "regTime": 0,
    "jidHistory": [
      "82146232377535@lid"
    ],
    "currentJid": "82146232377535@lid"
  },
  "6287837597549": {
    "jid": "6287837597549@s.whatsapp.net",
    "userId": "6287837597549",
    "name": "",
    "level": 1,
    "exp": 15,
    "limit": 50,
    "premium": false,
    "premiumSince": null,
    "premiumExpiry": null,
    "banned": false,
    "warning": 0,
    "lastSeen": 1754441519691,
    "registered": false,
    "regTime": 0,
    "jidHistory": [
      "6287837597549@s.whatsapp.net"
    ],
    "currentJid": "6287837597549@s.whatsapp.net"
  },
  "187961190695134": {
    "jid": "187961190695134@lid",
    "userId": "187961190695134",
    "name": "",
    "level": 1,
    "exp": 0,
    "limit": 50,
    "premium": false,
    "premiumSince": null,
    "premiumExpiry": null,
    "banned": false,
    "warning": 0,
    "lastSeen": 1754442316438,
    "registered": false,
    "regTime": 0,
    "jidHistory": [
      "187961190695134@lid"
    ],
    "currentJid": "187961190695134@lid"
  },
  "120363315282193217@g.us": {
    "jid": "120363315282193217@g.us",
    "userId": "120363315282193217@g.us",
    "name": "",
    "level": 1,
    "exp": 5,
    "limit": 50,
    "premium": false,
    "premiumSince": null,
    "premiumExpiry": null,
    "banned": false,
    "warning": 0,
    "lastSeen": 1754441550358,
    "registered": false,
    "regTime": 0,
    "jidHistory": [
      "120363315282193217@g.us"
    ],
    "currentJid": "120363315282193217@g.us"
  },
  "112958176809090": {
    "jid": "112958176809090@lid",
    "userId": "112958176809090",
    "name": "",
    "level": 1,
    "exp": 65,
    "limit": 50,
    "premium": false,
    "premiumSince": null,
    "premiumExpiry": null,
    "banned": false,
    "warning": 0,
    "lastSeen": 1754446156885,
    "registered": false,
    "regTime": 0,
    "jidHistory": [
      "112958176809090@lid"
    ],
    "currentJid": "112958176809090@lid"
  },
  "144156718571648": {
    "jid": "144156718571648@lid",
    "userId": "144156718571648",
    "name": "",
    "level": 1,
    "exp": 0,
    "limit": 50,
    "premium": false,
    "premiumSince": null,
    "premiumExpiry": null,
    "banned": false,
    "warning": 0,
    "lastSeen": 1754441701894,
    "registered": false,
    "regTime": 0,
    "jidHistory": [
      "144156718571648@lid"
    ],
    "currentJid": "144156718571648@lid"
  },
  "74904967876711": {
    "jid": "74904967876711@lid",
    "userId": "74904967876711",
    "name": "",
    "level": 1,
    "exp": 0,
    "limit": 50,
    "premium": false,
    "premiumSince": null,
    "premiumExpiry": null,
    "banned": false,
    "warning": 0,
    "lastSeen": 1754441606934,
    "registered": false,
    "regTime": 0,
    "jidHistory": [
      "74904967876711@lid"
    ],
    "currentJid": "74904967876711@lid"
  },
  "109522286809156": {
    "jid": "109522286809156@lid",
    "userId": "109522286809156",
    "name": "",
    "level": 1,
    "exp": 0,
    "limit": 50,
    "premium": false,
    "premiumSince": null,
    "premiumExpiry": null,
    "banned": false,
    "warning": 0,
    "lastSeen": 1754441600180,
    "registered": false,
    "regTime": 0,
    "jidHistory": [
      "109522286809156@lid"
    ],
    "currentJid": "109522286809156@lid"
  },
  "97989796339876": {
    "jid": "97989796339876@lid",
    "userId": "97989796339876",
    "name": "",
    "level": 1,
    "exp": 0,
    "limit": 50,
    "premium": false,
    "premiumSince": null,
    "premiumExpiry": null,
    "banned": false,
    "warning": 0,
    "lastSeen": 1754441677762,
    "registered": false,
    "regTime": 0,
    "jidHistory": [
      "97989796339876@lid"
    ],
    "currentJid": "97989796339876@lid"
  },
  "70760005673062": {
    "jid": "70760005673062@lid",
    "userId": "70760005673062",
    "name": "",
    "level": 2,
    "exp": 105,
    "limit": 50,
    "premium": false,
    "premiumSince": null,
    "premiumExpiry": null,
    "banned": false,
    "warning": 0,
    "lastSeen": 1754454196146,
    "registered": false,
    "regTime": 0,
    "jidHistory": [
      "70760005673062@lid"
    ],
    "currentJid": "70760005673062@lid"
  },
  "6281330165412": {
    "jid": "6281330165412@s.whatsapp.net",
    "userId": "6281330165412",
    "name": "",
    "level": 1,
    "exp": 0,
    "limit": 50,
    "premium": false,
    "premiumSince": null,
    "premiumExpiry": null,
    "banned": false,
    "warning": 0,
    "lastSeen": 1754441911887,
    "registered": false,
    "regTime": 0,
    "jidHistory": [
      "6281330165412@s.whatsapp.net"
    ],
    "currentJid": "6281330165412@s.whatsapp.net"
  },
  "175170861981801": {
    "jid": "175170861981801@lid",
    "userId": "175170861981801",
    "name": "",
    "level": 1,
    "exp": 0,
    "limit": 50,
    "premium": false,
    "premiumSince": null,
    "premiumExpiry": null,
    "banned": false,
    "warning": 0,
    "lastSeen": 1754441772872,
    "registered": false,
    "regTime": 0,
    "jidHistory": [
      "175170861981801@lid"
    ],
    "currentJid": "175170861981801@lid"
  },
  "139582679076927": {
    "jid": "139582679076927@lid",
    "userId": "139582679076927",
    "name": "",
    "level": 1,
    "exp": 0,
    "limit": 50,
    "premium": false,
    "premiumSince": null,
    "premiumExpiry": null,
    "banned": false,
    "warning": 0,
    "lastSeen": 1754441917915,
    "registered": false,
    "regTime": 0,
    "jidHistory": [
      "139582679076927@lid"
    ],
    "currentJid": "139582679076927@lid"
  },
  "120363392072393025@g.us": {
    "jid": "120363392072393025@g.us",
    "userId": "120363392072393025@g.us",
    "name": "",
    "level": 1,
    "exp": 0,
    "limit": 50,
    "premium": false,
    "premiumSince": null,
    "premiumExpiry": null,
    "banned": false,
    "warning": 0,
    "lastSeen": 1754441918314,
    "registered": false,
    "regTime": 0,
    "jidHistory": [
      "120363392072393025@g.us"
    ],
    "currentJid": "120363392072393025@g.us"
  },
  "238830884007945": {
    "jid": "238830884007945@lid",
    "userId": "238830884007945",
    "name": "",
    "level": 1,
    "exp": 0,
    "limit": 50,
    "premium": false,
    "premiumSince": null,
    "premiumExpiry": null,
    "banned": false,
    "warning": 0,
    "lastSeen": 1754441965084,
    "registered": false,
    "regTime": 0,
    "jidHistory": [
      "238830884007945@lid"
    ],
    "currentJid": "238830884007945@lid"
  },
  "177606074826881": {
    "jid": "177606074826881@lid",
    "userId": "177606074826881",
    "name": "",
    "level": 1,
    "exp": 0,
    "limit": 50,
    "premium": false,
    "premiumSince": null,
    "premiumExpiry": null,
    "banned": false,
    "warning": 0,
    "lastSeen": 1754442021647,
    "registered": false,
    "regTime": 0,
    "jidHistory": [
      "177606074826881@lid"
    ],
    "currentJid": "177606074826881@lid"
  },
  "204694517477438": {
    "jid": "204694517477438@lid",
    "userId": "204694517477438",
    "name": "",
    "level": 1,
    "exp": 0,
    "limit": 50,
    "premium": false,
    "premiumSince": null,
    "premiumExpiry": null,
    "banned": false,
    "warning": 0,
    "lastSeen": 1754448168601,
    "registered": false,
    "regTime": 0,
    "jidHistory": [
      "204694517477438@lid"
    ],
    "currentJid": "204694517477438@lid"
  },
  "4836770709711": {
    "jid": "4836770709711@lid",
    "userId": "4836770709711",
    "name": "",
    "level": 1,
    "exp": 0,
    "limit": 50,
    "premium": false,
    "premiumSince": null,
    "premiumExpiry": null,
    "banned": false,
    "warning": 0,
    "lastSeen": 1754442204086,
    "registered": false,
    "regTime": 0,
    "jidHistory": [
      "4836770709711@lid"
    ],
    "currentJid": "4836770709711@lid"
  },
  "109955994656825": {
    "jid": "109955994656825@lid",
    "userId": "109955994656825",
    "name": "",
    "level": 1,
    "exp": 0,
    "limit": 50,
    "premium": false,
    "premiumSince": null,
    "premiumExpiry": null,
    "banned": false,
    "warning": 0,
    "lastSeen": 1754442282575,
    "registered": false,
    "regTime": 0,
    "jidHistory": [
      "109955994656825@lid"
    ],
    "currentJid": "109955994656825@lid"
  },
  "120363399076197959@g.us": {
    "jid": "120363399076197959@g.us",
    "userId": "120363399076197959@g.us",
    "name": "",
    "level": 1,
    "exp": 0,
    "limit": 50,
    "premium": false,
    "premiumSince": null,
    "premiumExpiry": null,
    "banned": false,
    "warning": 0,
    "lastSeen": 1754442317762,
    "registered": false,
    "regTime": 0,
    "jidHistory": [
      "120363399076197959@g.us"
    ],
    "currentJid": "120363399076197959@g.us"
  },
  "6289658675858": {
    "jid": "6289658675858@s.whatsapp.net",
    "userId": "6289658675858",
    "name": "",
    "level": 1,
    "exp": 55,
    "limit": 50,
    "premium": false,
    "premiumSince": null,
    "premiumExpiry": null,
    "banned": false,
    "warning": 0,
    "lastSeen": 1754453817541,
    "registered": false,
    "regTime": 0,
    "jidHistory": [
      "6289658675858@s.whatsapp.net"
    ],
    "currentJid": "6289658675858@s.whatsapp.net"
  },
  "6287840698764": {
    "jid": "6287840698764@s.whatsapp.net",
    "userId": "6287840698764",
    "name": "",
    "level": 1,
    "exp": 0,
    "limit": 50,
    "premium": false,
    "premiumSince": null,
    "premiumExpiry": null,
    "banned": false,
    "warning": 0,
    "lastSeen": 1754445573634,
    "registered": false,
    "regTime": 0,
    "jidHistory": [
      "6287840698764@s.whatsapp.net"
    ],
    "currentJid": "6287840698764@s.whatsapp.net"
  },
  "35021230493886": {
    "jid": "35021230493886@lid",
    "userId": "35021230493886",
    "name": "",
    "level": 1,
    "exp": 0,
    "limit": 50,
    "premium": false,
    "premiumSince": null,
    "premiumExpiry": null,
    "banned": false,
    "warning": 0,
    "lastSeen": 1754446280555,
    "registered": false,
    "regTime": 0,
    "jidHistory": [
      "35021230493886@lid"
    ],
    "currentJid": "35021230493886@lid"
  },
  "24305790386382": {
    "jid": "24305790386382@lid",
    "userId": "24305790386382",
    "name": "",
    "level": 1,
    "exp": 5,
    "limit": 50,
    "premium": false,
    "premiumSince": null,
    "premiumExpiry": null,
    "banned": false,
    "warning": 0,
    "lastSeen": 1754454165623,
    "registered": false,
    "regTime": 0,
    "jidHistory": [
      "24305790386382@lid"
    ],
    "currentJid": "24305790386382@lid"
  },
  "30305993916650": {
    "jid": "30305993916650@lid",
    "userId": "30305993916650",
    "name": "",
    "level": 1,
    "exp": 0,
    "limit": 50,
    "premium": false,
    "premiumSince": null,
    "premiumExpiry": null,
    "banned": false,
    "warning": 0,
    "lastSeen": 1754448294622,
    "registered": false,
    "regTime": 0,
    "jidHistory": [
      "30305993916650@lid"
    ],
    "currentJid": "30305993916650@lid"
  },
  "168513109020809": {
    "jid": "168513109020809@lid",
    "userId": "168513109020809",
    "name": "",
    "level": 1,
    "exp": 0,
    "limit": 50,
    "premium": false,
    "premiumSince": null,
    "premiumExpiry": null,
    "banned": false,
    "warning": 0,
    "lastSeen": 1754448354369,
    "registered": false,
    "regTime": 0,
    "jidHistory": [
      "168513109020809@lid"
    ],
    "currentJid": "168513109020809@lid"
  },
  "6285659215937": {
    "jid": "6285659215937@s.whatsapp.net",
    "userId": "6285659215937",
    "name": "",
    "level": 1,
    "exp": 0,
    "limit": 50,
    "premium": false,
    "premiumSince": null,
    "premiumExpiry": null,
    "banned": false,
    "warning": 0,
    "lastSeen": 1754448681803,
    "registered": false,
    "regTime": 0,
    "jidHistory": [
      "6285659215937@s.whatsapp.net"
    ],
    "currentJid": "6285659215937@s.whatsapp.net"
  },
  "72456769417462": {
    "jid": "72456769417462@lid",
    "userId": "72456769417462",
    "name": "",
    "level": 1,
    "exp": 0,
    "limit": 50,
    "premium": false,
    "premiumSince": null,
    "premiumExpiry": null,
    "banned": false,
    "warning": 0,
    "lastSeen": 1754453932064,
    "registered": false,
    "regTime": 0,
    "jidHistory": [
      "72456769417462@lid"
    ],
    "currentJid": "72456769417462@lid"
  },
  "211433069515007": {
    "jid": "211433069515007@lid",
    "userId": "211433069515007",
    "name": "",
    "level": 1,
    "exp": 0,
    "limit": 50,
    "premium": false,
    "premiumSince": null,
    "premiumExpiry": null,
    "banned": false,
    "warning": 0,
    "lastSeen": 1754451412896,
    "registered": false,
    "regTime": 0,
    "jidHistory": [
      "211433069515007@lid"
    ],
    "currentJid": "211433069515007@lid"
  },
  "120363402056967200@g.us": {
    "jid": "120363402056967200@g.us",
    "userId": "120363402056967200@g.us",
    "name": "",
    "level": 1,
    "exp": 5,
    "limit": 50,
    "premium": false,
    "premiumSince": null,
    "premiumExpiry": null,
    "banned": false,
    "warning": 0,
    "lastSeen": 1754451343185,
    "registered": false,
    "regTime": 0,
    "jidHistory": [
      "120363402056967200@g.us"
    ],
    "currentJid": "120363402056967200@g.us"
  },
  "251225824096384": {
    "jid": "251225824096384@lid",
    "userId": "251225824096384",
    "name": "",
    "level": 1,
    "exp": 0,
    "limit": 50,
    "premium": false,
    "premiumSince": null,
    "premiumExpiry": null,
    "banned": false,
    "warning": 0,
    "lastSeen": 1754451390312,
    "registered": false,
    "regTime": 0,
    "jidHistory": [
      "251225824096384@lid"
    ],
    "currentJid": "251225824096384@lid"
  },
  "4445828038869": {
    "jid": "4445828038869@lid",
    "userId": "4445828038869",
    "name": "",
    "level": 1,
    "exp": 0,
    "limit": 50,
    "premium": false,
    "premiumSince": null,
    "premiumExpiry": null,
    "banned": false,
    "warning": 0,
    "lastSeen": 1754451426461,
    "registered": false,
    "regTime": 0,
    "jidHistory": [
      "4445828038869@lid"
    ],
    "currentJid": "4445828038869@lid"
  },
  "52738088038438": {
    "jid": "52738088038438@lid",
    "userId": "52738088038438",
    "name": "",
    "level": 1,
    "exp": 0,
    "limit": 50,
    "premium": false,
    "premiumSince": null,
    "premiumExpiry": null,
    "banned": false,
    "warning": 0,
    "lastSeen": 1754452079573,
    "registered": false,
    "regTime": 0,
    "jidHistory": [
      "52738088038438@lid"
    ],
    "currentJid": "52738088038438@lid"
  },
  "6282313218742": {
    "jid": "6282313218742@s.whatsapp.net",
    "userId": "6282313218742",
    "name": "",
    "level": 1,
    "exp": 0,
    "limit": 50,
    "premium": false,
    "premiumSince": null,
    "premiumExpiry": null,
    "banned": false,
    "warning": 0,
    "lastSeen": 1754452566718,
    "registered": false,
    "regTime": 0,
    "jidHistory": [
      "6282313218742@s.whatsapp.net"
    ],
    "currentJid": "6282313218742@s.whatsapp.net"
  },
  "279606749880441": {
    "jid": "279606749880441@lid",
    "userId": "279606749880441",
    "name": "",
    "level": 1,
    "exp": 0,
    "limit": 50,
    "premium": false,
    "premiumSince": null,
    "premiumExpiry": null,
    "banned": false,
    "warning": 0,
    "lastSeen": 1754453571668,
    "registered": false,
    "regTime": 0,
    "jidHistory": [
      "279606749880441@lid"
    ],
    "currentJid": "279606749880441@lid"
  },
  "18937198678029": {
    "jid": "18937198678029@lid",
    "userId": "18937198678029",
    "name": "",
    "level": 1,
    "exp": 0,
    "limit": 50,
    "premium": false,
    "premiumSince": null,
    "premiumExpiry": null,
    "banned": false,
    "warning": 0,
    "lastSeen": 1754453665276,
    "registered": false,
    "regTime": 0,
    "jidHistory": [
      "18937198678029@lid"
    ],
    "currentJid": "18937198678029@lid"
  },
  "95386928730356": {
    "jid": "95386928730356@lid",
    "userId": "95386928730356",
    "name": "",
    "level": 1,
    "exp": 30,
    "limit": 50,
    "premium": false,
    "premiumSince": null,
    "premiumExpiry": null,
    "banned": false,
    "warning": 0,
    "lastSeen": 1754454155083,
    "registered": false,
    "regTime": 0,
    "jidHistory": [
      "95386928730356@lid"
    ],
    "currentJid": "95386928730356@lid"
  },
  "159184993665025": {
    "jid": "159184993665025@lid",
    "userId": "159184993665025",
    "name": "",
    "level": 1,
    "exp": 0,
    "limit": 50,
    "premium": false,
    "premiumSince": null,
    "premiumExpiry": null,
    "banned": false,
    "warning": 0,
    "lastSeen": 1754454111630,
    "registered": false,
    "regTime": 0,
    "jidHistory": [
      "159184993665025@lid"
    ],
    "currentJid": "159184993665025@lid"
  }
}